"report_date","civic_buildings.ext_destroyed","civic_buildings.destroyed","educational_buildings.ext_destroyed","educational_buildings.ext_damaged","educational_buildings.destroyed","educational_buildings.damaged","places_of_worship.ext_mosques_destroyed","places_of_worship.ext_mosques_damaged","places_of_worship.ext_churches_destroyed","places_of_worship.mosques_destroyed","places_of_worship.mosques_damaged","places_of_worship.churches_destroyed","residential.ext_destroyed","residential.destroyed"
"2023-10-07",5,NA,1,15,NA,NA,2,4,0,NA,NA,NA,80,NA
"2023-10-08",11,NA,1,30,NA,NA,4,8,0,NA,NA,NA,159,159
"2023-10-09",16,NA,2,45,NA,NA,6,12,0,NA,NA,NA,790,790
"2023-10-10",22,NA,2,60,NA,NA,8,17,0,NA,NA,NA,1009,1009
"2023-10-11",27,27,3,75,3,75,10,21,0,10,NA,NA,2835,2835
"2023-10-12",29,NA,3,75,3,75,10,25,0,10,NA,NA,4188,NA
"2023-10-13",31,NA,9,100,NA,NA,12,29,0,NA,NA,NA,5540,5540
"2023-10-14",33,NA,14,124,14,124,14,33,0,NA,NA,NA,7000,7000
"2023-10-15",35,NA,14,143,14,143,16,37,0,NA,NA,NA,8840,8840
"2023-10-16",37,NA,18,150,18,150,18,41,1,NA,NA,NA,10500,10500
"2023-10-17",39,NA,18,153,18,153,20,46,1,NA,NA,NA,12000,12000
"2023-10-18",41,NA,20,157,NA,NA,22,50,1,NA,NA,NA,13577,NA
"2023-10-19",43,NA,22,160,NA,NA,24,54,1,NA,NA,NA,15154,NA
"2023-10-20",45,NA,23,164,NA,NA,26,58,1,NA,NA,NA,16731,NA
"2023-10-21",47,NA,25,167,NA,NA,28,62,1,NA,NA,NA,18308,NA
"2023-10-22",49,NA,27,171,NA,NA,30,66,1,NA,NA,NA,19885,NA
"2023-10-23",51,NA,29,174,NA,NA,32,70,1,NA,NA,NA,21462,NA
"2023-10-24",53,NA,30,178,NA,NA,34,75,1,NA,NA,NA,23038,NA
"2023-10-25",55,NA,32,181,NA,NA,36,79,1,NA,NA,NA,24615,NA
"2023-10-26",57,NA,34,185,NA,NA,38,83,1,NA,NA,NA,26192,NA
"2023-10-27",59,NA,36,188,NA,NA,39,87,1,NA,NA,NA,27769,NA
"2023-10-28",60,NA,37,192,NA,NA,41,91,1,NA,NA,NA,29346,NA
"2023-10-29",62,NA,39,196,NA,NA,43,95,1,NA,NA,NA,30923,NA
"2023-10-30",64,NA,41,199,NA,NA,45,99,1,NA,NA,NA,32500,32500
"2023-10-31",66,NA,43,203,NA,NA,47,104,1,NA,NA,NA,33571,NA
"2023-11-01",68,NA,44,206,NA,NA,49,108,1,NA,NA,NA,34643,NA
"2023-11-02",70,NA,46,210,NA,NA,51,112,1,NA,NA,NA,35714,NA
"2023-11-03",72,NA,48,213,NA,NA,53,116,1,NA,NA,NA,36786,NA
"2023-11-04",74,NA,50,217,NA,NA,55,120,2,NA,NA,NA,37857,NA
"2023-11-05",76,NA,51,220,NA,NA,57,124,2,NA,NA,NA,38929,NA
"2023-11-06",78,NA,53,224,NA,NA,59,128,2,NA,NA,NA,40000,40000
"2023-11-07",80,NA,55,227,NA,NA,61,133,2,NA,NA,NA,40250,NA
"2023-11-08",82,NA,57,231,NA,NA,63,137,2,NA,NA,NA,40500,NA
"2023-11-09",84,NA,58,234,NA,NA,65,141,2,NA,NA,NA,40750,NA
"2023-11-10",88,88,60,238,60,238,67,145,2,67,145,3,41000,41000
"2023-11-11",89,NA,60,239,NA,NA,68,146,2,NA,NA,NA,41015,NA
"2023-11-12",89,NA,61,241,NA,NA,70,148,2,NA,NA,NA,41030,41030
"2023-11-13",90,NA,61,242,NA,NA,71,149,2,NA,NA,NA,41120,41120
"2023-11-14",91,NA,61,243,NA,NA,72,151,2,NA,NA,NA,42000,42000
"2023-11-15",91,NA,62,245,NA,NA,74,152,2,NA,NA,NA,42250,NA
"2023-11-16",92,NA,62,246,NA,NA,75,154,2,NA,NA,NA,42500,NA
"2023-11-17",93,NA,62,247,NA,NA,76,155,2,NA,NA,NA,42750,NA
"2023-11-18",93,NA,63,249,NA,NA,78,156,2,NA,NA,NA,43000,43000
"2023-11-19",94,NA,63,250,NA,NA,79,158,2,NA,NA,NA,43000,43000
"2023-11-20",95,NA,63,251,NA,NA,80,159,2,NA,NA,NA,43000,43000
"2023-11-21",96,NA,63,253,NA,NA,82,161,2,NA,NA,NA,44000,44000
"2023-11-22",96,NA,64,254,NA,NA,83,162,2,NA,NA,NA,45000,45000
"2023-11-23",97,NA,64,255,NA,NA,84,164,3,NA,NA,NA,46000,46000
"2023-11-24",98,NA,64,256,NA,NA,86,165,3,NA,NA,NA,47000,NA
"2023-11-25",98,NA,65,258,NA,NA,87,166,3,NA,NA,NA,48000,NA
"2023-11-26",99,NA,65,259,NA,NA,89,168,3,NA,NA,NA,49000,NA
"2023-11-27",100,NA,65,260,NA,NA,90,169,3,NA,NA,NA,50000,50000
"2023-11-28",100,NA,66,262,NA,NA,91,171,3,NA,NA,NA,50000,NA
"2023-11-29",101,NA,66,263,NA,NA,93,172,3,NA,NA,NA,50000,NA
"2023-11-30",102,NA,66,264,NA,NA,94,174,3,NA,NA,NA,50000,50000
"2023-12-01",103,103,67,267,NA,267,95,175,3,NA,175,NA,50000,50000
"2023-12-02",103,NA,67,267,67,267,97,181,3,NA,181,3,50000,50000
"2023-12-03",103,103,67,270,67,270,98,183,3,NA,183,3,50000,50000
"2023-12-04",107,NA,69,271,NA,NA,99,186,3,NA,NA,NA,51000,NA
"2023-12-05",110,NA,70,273,NA,NA,101,189,3,NA,NA,NA,52000,52000
"2023-12-06",114,NA,72,274,NA,NA,102,191,3,NA,NA,NA,52000,NA
"2023-12-07",121,121,73,275,73,275,103,194,3,NA,194,3,52000,52000
"2023-12-08",122,NA,73,275,NA,NA,105,194,3,NA,NA,NA,52100,NA
"2023-12-09",123,NA,74,276,NA,NA,106,195,3,NA,NA,NA,52200,NA
"2023-12-10",124,NA,74,276,NA,NA,107,195,3,NA,NA,NA,52300,NA
"2023-12-11",124,NA,75,276,NA,NA,109,196,3,NA,NA,NA,52400,NA
"2023-12-12",126,126,75,277,75,277,110,196,3,110,196,3,52500,52500
"2023-12-13",126,NA,80,278,NA,NA,111,197,3,NA,NA,NA,52500,NA
"2023-12-14",126,NA,85,280,NA,NA,111,199,3,NA,NA,NA,52500,NA
"2023-12-15",126,126,90,282,90,282,112,200,3,112,200,3,52500,52500
"2023-12-16",126,NA,90,282,NA,NA,112,200,3,NA,NA,NA,52500,NA
"2023-12-17",126,NA,90,282,NA,NA,112,200,3,NA,NA,NA,52500,NA
"2023-12-18",126,126,90,282,90,282,112,200,3,112,200,3,52500,52500
"2023-12-19",126,126,90,282,90,282,112,200,3,112,200,3,52600,52600
"2023-12-20",126,126,90,283,90,283,114,200,3,114,200,3,53000,53000
"2023-12-21",126,NA,91,284,NA,NA,114,200,3,NA,NA,NA,55400,NA
"2023-12-22",126,NA,91,284,NA,NA,115,200,3,NA,NA,NA,57800,NA
"2023-12-23",126,126,92,285,92,285,115,200,3,115,200,3,60200,NA
"2023-12-24",126,NA,92,285,NA,NA,115,200,3,NA,NA,NA,62600,NA
"2023-12-25",126,126,92,285,92,285,115,200,3,115,200,3,65000,65000
"2023-12-26",126,NA,92,285,NA,NA,115,200,3,NA,NA,NA,65000,NA
"2023-12-27",126,126,92,285,92,285,115,200,3,115,200,3,65000,65000
"2023-12-28",126,NA,92,285,NA,NA,116,203,3,NA,NA,NA,65000,NA
"2023-12-29",126,NA,92,285,NA,NA,116,205,3,NA,NA,NA,65000,NA
"2023-12-30",126,126,92,285,92,285,117,208,3,117,208,3,65000,65000
"2023-12-31",126,126,92,285,92,285,119,212,3,119,212,3,65000,65000
"2024-01-01",130,130,93,292,93,292,120,212,3,120,212,3,65000,65000
"2024-01-02",130,NA,93,292,NA,NA,121,214,3,NA,NA,NA,65000,NA
"2024-01-03",130,NA,93,292,NA,NA,121,216,3,NA,NA,NA,65000,NA
"2024-01-04",130,130,93,292,93,292,122,218,3,122,218,3,65000,65000
"2024-01-05",132,NA,94,294,NA,NA,126,229,3,NA,NA,NA,67000,NA
"2024-01-06",134,134,94,295,94,295,130,240,3,130,240,3,69000,69000
"2024-01-07",134,134,94,295,94,295,134,240,3,134,240,3,69000,69000
"2024-01-08",134,NA,95,295,NA,NA,138,240,3,NA,NA,NA,69000,NA
"2024-01-09",134,134,95,295,95,295,142,240,3,142,240,3,69000,69000
"2024-01-10",134,NA,95,295,NA,NA,142,240,3,NA,NA,NA,69100,NA
"2024-01-11",134,134,95,295,95,295,142,240,3,142,240,3,69200,69200
"2024-01-12",134,NA,95,295,NA,NA,145,242,3,NA,NA,NA,69250,NA
"2024-01-13",134,NA,95,295,NA,NA,147,243,3,NA,NA,NA,69300,69300
"2024-01-14",134,134,95,295,95,295,150,245,3,150,245,3,70000,70000
"2024-01-15",135,NA,96,295,NA,NA,152,245,3,NA,NA,NA,70000,NA
"2024-01-16",136,NA,96,295,NA,NA,154,246,3,NA,NA,NA,70000,NA
"2024-01-17",137,NA,97,295,NA,NA,155,246,3,NA,NA,NA,70000,NA
"2024-01-18",138,138,97,295,97,295,157,246,3,157,246,3,70000,70000
"2024-01-19",139,NA,98,295,NA,NA,158,248,3,NA,NA,NA,70000,NA
"2024-01-20",139,NA,98,295,NA,NA,159,250,3,NA,NA,NA,70000,NA
"2024-01-21",140,NA,99,295,NA,NA,160,251,3,NA,NA,NA,70000,NA
"2024-01-22",140,140,99,295,99,295,161,253,3,161,253,3,70000,70000
"2024-01-23",140,NA,99,295,NA,NA,161,253,3,NA,NA,NA,70000,NA
"2024-01-24",140,NA,99,295,NA,NA,161,253,3,NA,NA,NA,70000,NA
"2024-01-25",140,NA,99,295,NA,NA,161,253,3,NA,NA,NA,70000,NA
"2024-01-26",140,NA,99,295,NA,NA,161,253,3,NA,NA,NA,70000,NA
"2024-01-27",140,NA,99,295,NA,NA,161,253,3,NA,NA,NA,70000,NA
"2024-01-28",140,NA,99,295,NA,NA,161,253,3,NA,NA,NA,70000,NA
"2024-01-29",140,NA,99,295,NA,NA,161,253,3,NA,NA,NA,70000,NA
"2024-01-30",140,140,99,295,99,295,161,253,3,161,253,3,70000,70000
"2024-01-31",140,NA,99,295,NA,NA,167,256,3,NA,NA,NA,70000,NA
"2024-02-01",140,NA,100,295,NA,NA,172,259,3,NA,NA,NA,70000,NA
"2024-02-02",140,NA,100,295,NA,NA,178,261,3,NA,NA,NA,70000,NA
"2024-02-03",140,140,100,295,100,295,183,264,3,183,264,3,70000,70000
"2024-02-04",140,NA,100,295,NA,NA,183,264,3,NA,NA,NA,70000,NA
"2024-02-05",141,NA,100,295,NA,NA,183,265,3,NA,NA,NA,70000,NA
"2024-02-06",141,NA,100,295,NA,NA,183,265,3,NA,NA,NA,70000,NA
"2024-02-07",141,NA,100,295,NA,NA,184,265,3,NA,NA,NA,70000,NA
"2024-02-08",141,NA,100,295,100,295,184,265,3,NA,NA,3,70000,NA
"2024-02-09",142,NA,100,295,NA,NA,184,266,3,NA,NA,NA,70000,NA
"2024-02-10",142,NA,100,295,NA,NA,184,266,3,NA,NA,NA,70000,NA
"2024-02-11",142,142,100,295,100,295,184,266,3,184,266,3,70000,70000
"2024-02-12",142,NA,100,295,NA,NA,184,266,3,NA,NA,NA,70000,NA
"2024-02-13",142,NA,100,295,NA,NA,184,266,3,NA,NA,NA,70000,NA
"2024-02-14",142,NA,100,295,NA,NA,184,266,3,NA,NA,NA,70000,NA
"2024-02-15",142,NA,100,295,NA,NA,184,266,3,NA,NA,NA,70000,NA
"2024-02-16",142,142,100,295,100,295,184,266,3,184,266,3,70000,70000
"2024-02-17",142,142,100,295,100,295,184,266,3,184,266,3,70000,70000
"2024-02-18",144,NA,100,297,NA,NA,188,268,3,NA,NA,NA,70000,NA
"2024-02-19",146,NA,100,298,NA,NA,192,270,3,NA,NA,NA,70000,NA
"2024-02-20",148,NA,100,300,NA,NA,196,272,3,NA,NA,NA,70000,NA
"2024-02-21",151,NA,100,301,NA,NA,200,274,3,NA,NA,NA,70000,NA
"2024-02-22",153,NA,100,303,NA,NA,204,276,3,NA,NA,NA,70000,NA
"2024-02-23",157,157,100,304,100,304,208,278,3,208,278,3,70000,70000
"2024-02-24",157,NA,100,304,NA,NA,209,279,3,NA,NA,NA,70000,NA
"2024-02-25",158,NA,100,304,NA,NA,209,279,3,NA,NA,NA,70000,NA
"2024-02-26",158,NA,100,305,NA,NA,210,280,3,NA,NA,NA,70000,NA
"2024-02-27",159,NA,100,305,NA,NA,210,280,3,NA,NA,NA,70000,NA
"2024-02-28",159,NA,100,305,NA,NA,211,281,3,NA,NA,NA,70000,NA
"2024-02-29",160,160,100,305,100,305,211,281,3,211,281,3,70000,70000
"2024-03-01",161,NA,100,305,NA,NA,213,282,3,NA,NA,NA,70000,NA
"2024-03-02",161,NA,100,305,NA,NA,214,283,3,NA,NA,NA,70000,NA
"2024-03-03",162,NA,100,305,NA,NA,216,283,3,NA,NA,NA,70000,NA
"2024-03-04",163,163,100,305,100,305,217,284,3,217,284,3,70000,70000
"2024-03-05",164,NA,100,305,NA,NA,217,285,3,NA,NA,NA,70000,NA
"2024-03-06",164,NA,100,305,NA,NA,218,285,3,NA,NA,NA,70000,NA
"2024-03-07",165,NA,100,305,NA,NA,218,286,3,NA,NA,NA,70000,NA
"2024-03-08",165,NA,100,305,NA,NA,219,286,3,NA,NA,NA,70000,NA
"2024-03-09",166,166,100,305,100,305,219,287,3,219,287,3,70000,70000
"2024-03-10",166,NA,100,305,NA,NA,220,287,3,NA,NA,NA,70000,NA
"2024-03-11",166,NA,100,305,NA,NA,221,288,3,NA,NA,NA,70000,NA
"2024-03-12",166,NA,100,305,NA,NA,221,288,3,NA,NA,NA,70000,NA
"2024-03-13",166,NA,100,305,NA,NA,222,289,3,NA,NA,NA,70000,NA
"2024-03-14",166,166,100,305,100,305,223,289,3,223,289,3,70000,70000
"2024-03-15",166,NA,100,305,NA,NA,223,289,3,NA,NA,NA,70000,NA
"2024-03-16",167,NA,100,305,NA,NA,223,289,3,NA,NA,NA,70000,NA
"2024-03-17",167,NA,100,305,NA,NA,223,289,3,NA,NA,NA,70000,NA
"2024-03-18",168,NA,100,305,NA,NA,223,289,3,NA,NA,NA,70000,NA
"2024-03-19",168,168,100,305,100,305,224,290,3,224,290,3,70000,70000
"2024-03-20",168,NA,100,305,NA,NA,224,290,3,NA,NA,NA,70000,NA
"2024-03-21",168,NA,100,305,NA,NA,224,290,3,NA,NA,NA,70000,NA
"2024-03-22",168,NA,100,305,NA,NA,224,290,3,NA,NA,NA,70000,NA
"2024-03-23",168,NA,100,305,NA,NA,224,290,3,NA,NA,NA,70000,NA
"2024-03-24",168,168,100,305,100,305,224,290,3,224,290,3,70000,70000
"2024-03-25",168,NA,100,305,NA,NA,225,291,3,NA,NA,NA,70000,NA
"2024-03-26",168,NA,100,305,NA,NA,225,292,3,NA,NA,NA,70000,NA
"2024-03-27",168,NA,100,305,NA,NA,226,292,3,NA,NA,NA,70000,NA
"2024-03-28",168,NA,100,305,NA,NA,226,293,3,NA,NA,NA,70000,NA
"2024-03-29",168,168,100,305,100,305,227,294,3,227,294,3,70000,70000
"2024-03-30",169,NA,100,305,NA,NA,227,295,3,NA,NA,NA,70000,NA
"2024-03-31",169,NA,100,305,NA,NA,228,295,3,NA,NA,NA,70000,NA
"2024-04-01",170,NA,100,305,NA,NA,228,296,3,NA,NA,NA,70000,NA
"2024-04-02",170,NA,100,305,NA,NA,229,296,3,NA,NA,NA,70000,NA
"2024-04-03",171,171,100,305,100,305,229,297,3,229,297,3,70000,70000
"2024-04-04",171,NA,100,305,NA,NA,229,297,3,NA,NA,NA,70000,NA
"2024-04-05",171,NA,100,305,NA,NA,229,297,3,NA,NA,NA,70000,NA
"2024-04-06",171,NA,100,305,NA,NA,229,297,3,NA,NA,NA,70000,NA
"2024-04-07",171,NA,100,305,NA,NA,229,297,3,NA,NA,NA,70000,NA
"2024-04-08",171,171,100,305,100,305,229,297,3,229,297,3,70000,70000
"2024-04-09",171,NA,100,305,NA,NA,230,298,3,NA,NA,NA,70000,NA
"2024-04-10",171,NA,100,305,NA,NA,231,299,3,NA,NA,NA,70000,NA
"2024-04-11",171,NA,100,305,NA,NA,231,299,3,NA,NA,NA,70000,NA
"2024-04-12",171,NA,100,305,NA,NA,232,300,3,NA,NA,NA,70000,NA
"2024-04-13",171,171,100,305,100,305,233,301,3,233,301,3,70000,70000
"2024-04-14",172,NA,101,306,NA,NA,234,303,3,NA,NA,NA,73200,NA
"2024-04-15",174,NA,101,307,NA,NA,235,306,3,NA,NA,NA,76400,NA
"2024-04-16",175,NA,102,307,NA,NA,235,308,3,NA,NA,NA,79600,NA
"2024-04-17",177,NA,102,308,NA,NA,236,311,3,NA,NA,NA,82800,NA
"2024-04-18",178,178,103,309,103,309,237,313,3,237,313,3,86000,86000
"2024-04-19",179,NA,103,309,NA,NA,237,314,3,NA,NA,NA,86000,NA
"2024-04-20",179,NA,103,309,NA,NA,238,315,3,NA,NA,NA,86000,NA
"2024-04-21",180,NA,103,309,NA,NA,238,315,3,NA,NA,NA,86000,NA
"2024-04-22",180,NA,103,309,NA,NA,239,316,3,NA,NA,NA,86000,NA
"2024-04-23",181,181,103,309,103,309,239,317,3,239,317,3,86000,86000
"2024-04-24",181,NA,103,309,NA,NA,240,318,3,NA,NA,NA,86000,NA
"2024-04-25",181,NA,103,310,NA,NA,241,319,3,NA,NA,NA,86000,NA
"2024-04-26",181,NA,103,310,NA,NA,241,319,3,NA,NA,NA,86000,NA
"2024-04-27",181,NA,103,311,NA,NA,242,320,3,NA,NA,NA,86000,NA
"2024-04-28",181,181,103,311,103,311,243,321,3,243,321,3,86000,86000
"2024-04-29",182,NA,103,311,NA,NA,243,321,3,NA,NA,NA,86000,NA
"2024-04-30",182,NA,103,311,NA,NA,243,321,3,NA,NA,NA,86000,NA
"2024-05-01",183,NA,103,311,NA,NA,243,321,3,NA,NA,NA,86000,NA
"2024-05-02",183,NA,103,311,NA,NA,243,321,3,NA,NA,NA,86000,NA
"2024-05-03",184,184,103,311,103,311,243,321,3,243,321,3,86000,86000
"2024-05-04",184,NA,103,311,NA,NA,243,321,3,NA,NA,NA,86000,NA
"2024-05-05",185,NA,103,311,NA,NA,243,321,3,NA,NA,NA,86000,NA
"2024-05-06",185,NA,103,311,NA,NA,243,321,3,NA,NA,NA,86000,NA
"2024-05-07",186,NA,103,311,NA,NA,243,321,3,NA,NA,NA,86000,NA
"2024-05-08",186,186,103,311,103,311,243,321,3,243,321,3,86000,86000
"2024-05-09",186,NA,103,311,NA,NA,244,322,3,NA,NA,NA,86000,NA
"2024-05-10",186,NA,103,311,NA,NA,245,323,3,NA,NA,NA,86000,NA
"2024-05-11",186,NA,103,311,NA,NA,245,324,3,NA,NA,NA,86000,NA
"2024-05-12",186,NA,103,311,NA,NA,246,325,3,NA,NA,NA,86000,NA
"2024-05-13",186,186,103,311,103,311,247,326,3,247,326,3,86000,86000
"2024-05-14",187,NA,104,311,NA,NA,604,200,3,NA,NA,NA,86200,NA
"2024-05-15",187,NA,105,312,NA,NA,604,200,3,NA,NA,NA,86400,NA
"2024-05-16",188,NA,105,312,NA,NA,604,200,3,NA,NA,NA,86600,NA
"2024-05-17",188,NA,106,313,NA,NA,604,200,3,NA,NA,NA,86800,NA
"2024-05-18",189,189,107,313,107,313,604,200,3,604,200,3,87000,87000
"2024-05-19",189,NA,107,313,NA,NA,604,200,3,NA,NA,NA,87000,NA
"2024-05-20",189,NA,107,313,NA,NA,604,200,3,NA,NA,NA,87000,NA
"2024-05-21",189,NA,107,313,NA,NA,604,200,3,NA,NA,NA,87000,NA
"2024-05-22",189,NA,107,313,NA,NA,604,200,3,NA,NA,NA,87000,NA
"2024-05-23",189,189,108,313,108,313,604,200,3,604,200,3,87000,87000
"2024-05-24",189,NA,108,313,NA,NA,604,200,3,NA,NA,NA,87000,NA
"2024-05-25",189,NA,108,313,NA,NA,604,200,3,NA,NA,NA,87000,NA
"2024-05-26",189,NA,108,313,NA,NA,604,200,3,NA,NA,NA,87000,NA
"2024-05-27",189,NA,108,313,NA,NA,604,200,3,NA,NA,NA,87000,NA
"2024-05-28",190,190,109,316,109,316,604,200,3,604,200,3,87000,87000
"2024-05-29",190,NA,109,316,NA,NA,604,200,3,NA,NA,NA,87000,NA
"2024-05-30",190,NA,109,316,NA,NA,604,200,3,NA,NA,NA,87000,NA
"2024-05-31",190,NA,109,316,NA,NA,604,200,3,NA,NA,NA,87000,NA
"2024-06-01",190,NA,109,316,NA,NA,604,200,3,NA,NA,NA,87000,NA
"2024-06-02",192,192,109,318,109,318,604,200,3,604,200,3,88300,88300
"2024-06-03",192,NA,109,318,NA,NA,604,200,3,NA,NA,NA,88300,NA
"2024-06-04",192,NA,109,318,NA,NA,604,200,3,NA,NA,NA,88300,NA
"2024-06-05",192,NA,109,318,NA,NA,604,200,3,NA,NA,NA,88300,NA
"2024-06-06",192,NA,109,318,NA,NA,604,200,3,NA,NA,NA,88300,NA
"2024-06-07",192,192,110,319,110,319,604,200,3,604,200,3,138300,138300
"2024-06-08",192,NA,110,319,NA,NA,604,200,3,NA,NA,NA,138300,NA
"2024-06-09",192,NA,110,319,NA,NA,604,200,3,NA,NA,NA,138300,NA
"2024-06-10",192,NA,110,319,NA,NA,604,200,3,NA,NA,NA,138300,NA
"2024-06-11",192,NA,110,319,NA,NA,604,200,3,NA,NA,NA,138300,NA
"2024-06-12",194,194,110,321,110,321,604,200,3,604,200,3,138400,138400
"2024-06-13",194,NA,110,321,NA,NA,604,200,3,NA,NA,NA,138400,NA
"2024-06-14",194,NA,110,321,NA,NA,604,200,3,NA,NA,NA,138400,NA
"2024-06-15",194,NA,110,321,NA,NA,604,200,3,NA,NA,NA,138400,NA
"2024-06-16",194,NA,110,321,NA,NA,604,200,3,NA,NA,NA,138400,NA
"2024-06-17",194,194,110,321,110,321,608,209,3,608,209,3,138400,138400
"2024-06-18",194,NA,110,321,NA,NA,608,209,3,NA,NA,NA,138400,NA
"2024-06-19",194,NA,110,321,NA,NA,608,209,3,NA,NA,NA,138400,NA
"2024-06-20",194,NA,110,321,NA,NA,608,209,3,NA,NA,NA,138400,NA
"2024-06-21",194,NA,110,321,NA,NA,608,209,3,NA,NA,NA,138400,NA
"2024-06-22",194,194,110,321,110,321,608,209,3,608,209,3,150000,150000
"2024-06-23",194,NA,110,321,NA,NA,608,209,3,NA,NA,NA,150000,NA
"2024-06-24",194,NA,110,321,NA,NA,608,209,3,NA,NA,NA,150000,NA
"2024-06-25",194,NA,110,321,NA,NA,608,209,3,NA,NA,NA,150000,NA
"2024-06-26",194,NA,110,321,NA,NA,608,209,3,NA,NA,NA,150000,NA
"2024-06-27",195,195,112,323,112,323,608,209,3,608,209,3,150000,150000
"2024-06-28",195,NA,112,323,NA,NA,608,209,3,NA,NA,NA,150000,NA
"2024-06-29",195,NA,112,323,NA,NA,608,209,3,NA,NA,NA,150000,NA
"2024-06-30",195,NA,112,323,NA,NA,608,209,3,NA,NA,NA,150000,NA
"2024-07-01",195,NA,112,323,NA,NA,608,209,3,NA,NA,NA,150000,NA
"2024-07-02",195,NA,112,323,NA,NA,608,209,3,NA,NA,NA,150000,NA
"2024-07-03",195,195,113,323,113,323,608,209,3,608,209,3,150000,150000
"2024-07-04",195,NA,113,323,NA,NA,608,209,3,NA,NA,NA,150000,NA
"2024-07-05",195,NA,113,323,NA,NA,608,209,3,NA,NA,NA,150000,NA
"2024-07-06",195,NA,113,323,NA,NA,608,209,3,NA,NA,NA,150000,NA
"2024-07-07",196,196,114,326,114,326,609,211,3,609,211,3,150000,150000
"2024-07-08",196,NA,114,326,NA,NA,609,211,3,NA,NA,NA,150000,NA
"2024-07-09",196,NA,114,326,NA,NA,609,211,3,NA,NA,NA,150000,NA
"2024-07-10",196,NA,114,326,NA,NA,609,211,3,NA,NA,NA,150000,NA
"2024-07-11",197,197,115,328,115,328,609,211,3,609,211,3,150000,150000
"2024-07-12",197,NA,115,328,NA,NA,609,211,3,NA,NA,NA,150000,NA
"2024-07-13",197,NA,115,328,NA,NA,609,211,3,NA,NA,NA,150000,NA
"2024-07-14",197,NA,115,328,NA,NA,609,211,3,NA,NA,NA,150000,NA
"2024-07-15",197,NA,115,328,NA,NA,609,211,3,NA,NA,NA,150000,NA
"2024-07-16",197,NA,115,328,NA,NA,609,211,3,NA,NA,NA,150000,NA
"2024-07-17",197,197,115,330,115,330,610,211,3,610,211,3,150000,150000
"2024-07-18",197,NA,115,330,NA,NA,610,211,3,NA,NA,NA,150000,NA
"2024-07-19",197,NA,115,330,NA,NA,610,211,3,NA,NA,NA,150000,NA
"2024-07-20",197,NA,115,330,NA,NA,610,211,3,NA,NA,NA,150000,NA
"2024-07-21",197,NA,115,330,NA,NA,610,211,3,NA,NA,NA,150000,NA
"2024-07-22",198,198,116,331,116,331,610,211,3,610,211,3,150000,150000
"2024-07-23",198,NA,116,331,NA,NA,610,211,3,NA,NA,NA,150000,NA
"2024-07-24",198,NA,116,331,NA,NA,610,211,3,NA,NA,NA,150000,NA
"2024-07-25",198,NA,116,331,NA,NA,610,211,3,NA,NA,NA,150000,NA
"2024-07-26",198,NA,116,331,NA,NA,610,211,3,NA,NA,NA,150000,NA
"2024-07-27",198,198,117,332,117,332,610,211,3,610,211,3,150000,150000
"2024-07-28",198,NA,117,332,NA,NA,610,211,3,NA,NA,NA,150000,NA
"2024-07-29",198,NA,117,332,NA,NA,610,211,3,NA,NA,NA,150000,NA
"2024-07-30",198,NA,117,332,NA,NA,610,211,3,NA,NA,NA,150000,NA
"2024-07-31",198,NA,117,332,NA,NA,610,211,3,NA,NA,NA,150000,NA
"2024-08-01",198,198,117,332,117,332,610,211,3,610,211,3,150000,150000
"2024-08-02",198,NA,117,332,NA,NA,610,211,3,NA,NA,NA,150000,NA
"2024-08-03",198,NA,117,332,NA,NA,610,211,3,NA,NA,NA,150000,NA
"2024-08-04",198,NA,117,332,NA,NA,610,211,3,NA,NA,NA,150000,NA
"2024-08-05",198,NA,117,332,NA,NA,610,211,3,NA,NA,NA,150000,NA
"2024-08-06",198,198,120,332,120,332,610,211,3,610,211,3,150000,150000
"2024-08-07",198,NA,120,332,NA,NA,610,211,3,NA,NA,NA,150000,NA
"2024-08-08",198,NA,120,332,NA,NA,610,211,3,NA,NA,NA,150000,NA
"2024-08-09",198,NA,120,332,NA,NA,610,211,3,NA,NA,NA,150000,NA
"2024-08-10",198,NA,120,332,NA,NA,610,211,3,NA,NA,NA,150000,NA
"2024-08-11",198,NA,120,332,NA,NA,610,211,3,NA,NA,NA,150000,NA
"2024-08-12",198,198,121,333,121,333,610,214,3,610,214,3,150000,150000
"2024-08-13",198,NA,121,333,NA,NA,610,214,3,NA,NA,NA,150000,NA
"2024-08-14",198,NA,121,333,NA,NA,610,214,3,NA,NA,NA,150000,NA
"2024-08-15",198,NA,121,333,NA,NA,610,214,3,NA,NA,NA,150000,NA
"2024-08-16",198,NA,121,333,NA,NA,610,214,3,NA,NA,NA,150000,NA
"2024-08-17",198,NA,121,333,NA,NA,610,214,3,NA,NA,NA,150000,NA
"2024-08-18",198,NA,121,333,NA,NA,610,214,3,NA,NA,NA,150000,NA
"2024-08-19",198,NA,121,333,NA,NA,610,214,3,NA,NA,NA,150000,NA
"2024-08-20",198,NA,121,333,NA,NA,610,214,3,NA,NA,NA,150000,NA
"2024-08-21",198,NA,121,333,NA,NA,610,214,3,NA,NA,NA,150000,NA
"2024-08-22",198,NA,121,333,NA,NA,610,214,3,NA,NA,NA,150000,NA
"2024-08-23",198,NA,121,333,NA,NA,610,214,3,NA,NA,NA,150000,NA
"2024-08-24",198,NA,121,333,NA,NA,610,214,3,NA,NA,NA,150000,NA
"2024-08-25",198,NA,121,333,NA,NA,610,214,3,NA,NA,NA,150000,NA
"2024-08-26",199,199,122,334,122,334,610,214,3,610,214,3,150000,150000
"2024-08-27",199,NA,122,334,NA,NA,610,214,3,NA,NA,NA,150000,NA
"2024-08-28",199,NA,122,334,NA,NA,610,214,3,NA,NA,NA,150000,NA
"2024-08-29",199,NA,122,334,NA,NA,610,214,3,NA,NA,NA,150000,NA
"2024-08-30",199,NA,122,334,NA,NA,610,214,3,NA,NA,NA,150000,NA
"2024-08-31",200,200,122,334,122,334,610,214,3,610,214,3,150000,150000
"2024-09-01",200,NA,122,334,NA,NA,610,214,3,NA,NA,NA,150000,NA
"2024-09-02",200,NA,122,334,NA,NA,610,214,3,NA,NA,NA,150000,NA
"2024-09-03",200,NA,122,334,NA,NA,610,214,3,NA,NA,NA,150000,NA
"2024-09-04",200,NA,122,334,NA,NA,610,214,3,NA,NA,NA,150000,NA
"2024-09-05",200,NA,122,334,NA,NA,610,214,3,NA,NA,NA,150000,NA
"2024-09-06",200,NA,122,334,NA,NA,610,214,3,NA,NA,NA,150000,NA
"2024-09-07",200,NA,122,334,NA,NA,610,214,3,NA,NA,NA,150000,NA
"2024-09-08",200,NA,122,334,NA,NA,610,214,3,NA,NA,NA,150000,NA
"2024-09-09",200,NA,122,334,NA,NA,610,214,3,NA,NA,NA,150000,NA
"2024-09-10",200,200,123,335,123,335,611,214,3,611,214,3,150000,150000
"2024-09-11",200,NA,123,335,NA,NA,611,214,3,NA,NA,NA,150000,NA
"2024-09-12",200,NA,123,335,NA,NA,611,214,3,NA,NA,NA,150000,NA
"2024-09-13",200,NA,123,335,NA,NA,611,214,3,NA,NA,NA,150000,NA
"2024-09-14",200,NA,123,335,NA,NA,611,214,3,NA,NA,NA,150000,NA
"2024-09-15",200,200,125,336,125,336,611,214,3,611,214,3,150000,150000
"2024-09-16",200,NA,125,336,NA,NA,611,214,3,NA,NA,NA,150000,NA
"2024-09-17",200,NA,125,336,NA,NA,611,214,3,NA,NA,NA,150000,NA
"2024-09-18",200,NA,125,336,NA,NA,611,214,3,NA,NA,NA,150000,NA
"2024-09-19",200,NA,125,336,NA,NA,611,214,3,NA,NA,NA,150000,NA
"2024-09-20",200,NA,125,336,NA,NA,611,214,3,NA,NA,NA,150000,NA
"2024-09-21",200,NA,125,336,NA,NA,611,214,3,NA,NA,NA,150000,NA
"2024-09-22",200,NA,125,336,NA,NA,611,214,3,NA,NA,NA,150000,NA
"2024-09-23",200,NA,125,336,NA,NA,611,214,3,NA,NA,NA,150000,NA
"2024-09-24",200,NA,125,336,NA,NA,611,214,3,NA,NA,NA,150000,NA
"2024-09-25",200,200,125,336,125,336,611,214,3,611,214,3,150000,150000
"2024-09-26",201,NA,125,337,NA,NA,611,214,3,NA,NA,NA,150000,NA
"2024-09-27",201,NA,125,337,NA,NA,611,214,3,NA,NA,NA,150000,NA
"2024-09-28",201,NA,125,337,NA,NA,611,214,3,NA,NA,NA,150000,NA
"2024-09-29",201,NA,125,337,NA,NA,611,214,3,NA,NA,NA,150000,NA
"2024-09-30",201,201,125,337,125,337,611,214,3,611,214,3,150000,150000
"2024-10-01",201,NA,125,337,NA,NA,814,NA,3,NA,NA,NA,150000,NA
"2024-10-02",201,NA,125,337,NA,NA,814,NA,3,NA,NA,NA,150000,NA
"2024-10-03",201,NA,125,337,NA,NA,814,NA,3,NA,NA,NA,150000,NA
"2024-10-04",201,NA,125,337,NA,NA,814,NA,3,NA,NA,NA,150000,NA
"2024-10-05",201,NA,125,337,NA,NA,814,NA,3,NA,NA,NA,150000,NA
"2024-10-06",204,204,125,337,125,337,814,NA,3,814,NA,3,150000,150000
"2024-10-07",204,NA,125,337,NA,NA,814,NA,3,NA,NA,NA,150000,NA
"2024-10-08",204,NA,125,337,NA,NA,814,NA,3,NA,NA,NA,150000,NA
"2024-10-09",204,NA,125,337,NA,NA,814,NA,3,NA,NA,NA,150000,NA
"2024-10-10",204,NA,125,337,NA,NA,814,NA,3,NA,NA,NA,150000,NA
"2024-10-11",204,NA,125,337,NA,NA,814,NA,3,NA,NA,NA,150000,NA
"2024-10-12",204,NA,125,337,NA,NA,814,NA,3,NA,NA,NA,150000,NA
"2024-10-13",204,NA,125,337,NA,NA,814,NA,3,NA,NA,NA,150000,NA
"2024-10-14",204,NA,125,337,NA,NA,814,NA,3,NA,NA,NA,150000,NA
"2024-10-15",204,204,125,337,125,337,814,NA,3,814,NA,3,150000,150000
"2024-10-16",204,NA,125,337,NA,NA,814,NA,3,NA,NA,NA,150000,NA
"2024-10-17",204,NA,125,337,NA,NA,814,NA,3,NA,NA,NA,150000,NA
"2024-10-18",204,NA,125,337,NA,NA,814,NA,3,NA,NA,NA,150000,NA
"2024-10-19",204,NA,125,337,NA,NA,814,NA,3,NA,NA,NA,150000,NA
"2024-10-20",204,NA,125,337,NA,NA,814,NA,3,NA,NA,NA,150000,NA
"2024-10-21",204,NA,125,337,NA,NA,814,NA,3,NA,NA,NA,150000,NA
"2024-10-22",204,NA,125,337,NA,NA,814,NA,3,NA,NA,NA,150000,NA
"2024-10-23",204,NA,125,337,NA,NA,814,NA,3,NA,NA,NA,150000,NA
"2024-10-24",204,NA,125,337,NA,NA,814,NA,3,NA,NA,NA,150000,NA
"2024-10-25",205,205,126,339,126,339,814,NA,3,814,NA,3,150000,150000
"2024-10-26",205,NA,128,342,NA,NA,814,NA,3,NA,NA,NA,150000,NA
"2024-10-27",205,NA,128,342,NA,NA,814,NA,3,NA,NA,NA,150000,NA
"2024-10-28",205,NA,128,342,NA,NA,814,NA,3,NA,NA,NA,150000,NA
"2024-10-29",205,NA,128,342,NA,NA,814,NA,3,NA,NA,NA,150000,NA
"2024-10-30",205,205,128,342,128,342,814,NA,3,814,NA,3,150000,150000
"2024-10-31",205,NA,128,342,NA,NA,814,NA,3,NA,NA,NA,150000,NA
"2024-11-01",205,NA,128,342,NA,NA,814,NA,3,NA,NA,NA,150000,NA
"2024-11-02",205,NA,128,342,NA,NA,814,NA,3,NA,NA,NA,150000,NA
"2024-11-03",205,NA,128,342,NA,NA,814,NA,3,NA,NA,NA,150000,NA
"2024-11-04",205,NA,128,342,NA,NA,814,NA,3,NA,NA,NA,150000,NA
"2024-11-05",205,NA,128,342,NA,NA,814,NA,3,NA,NA,NA,150000,NA
"2024-11-06",205,NA,128,342,NA,NA,814,NA,3,NA,NA,NA,150000,NA
"2024-11-07",205,NA,128,342,NA,NA,814,NA,3,NA,NA,NA,150000,NA
"2024-11-08",205,NA,128,342,NA,NA,814,NA,3,NA,NA,NA,150000,NA
"2024-11-09",206,206,129,344,129,344,815,NA,3,815,NA,3,159000,159000
"2024-11-10",206,NA,129,344,NA,NA,815,NA,3,NA,NA,NA,159000,NA
"2024-11-11",206,NA,129,344,NA,NA,815,NA,3,NA,NA,NA,159000,NA
"2024-11-12",206,NA,129,344,NA,NA,815,NA,3,NA,NA,NA,159000,NA
"2024-11-13",206,NA,129,344,NA,NA,815,NA,3,NA,NA,NA,159000,NA
"2024-11-14",206,NA,129,344,NA,NA,815,NA,3,NA,NA,NA,159000,NA
"2024-11-15",206,NA,129,344,NA,NA,815,NA,3,NA,NA,NA,159000,NA
"2024-11-16",206,NA,129,344,NA,NA,815,NA,3,NA,NA,NA,159000,NA
"2024-11-17",206,NA,129,344,NA,NA,815,NA,3,NA,NA,NA,159000,NA
"2024-11-18",206,NA,129,344,NA,NA,815,NA,3,NA,NA,NA,159000,NA
"2024-11-19",208,208,131,346,131,346,815,NA,3,815,NA,3,160000,160000
"2024-11-20",208,NA,131,346,NA,NA,815,NA,3,NA,NA,NA,160000,NA
"2024-11-21",208,NA,131,346,NA,NA,815,NA,3,NA,NA,NA,160000,NA
"2024-11-22",208,NA,131,346,NA,NA,815,NA,3,NA,NA,NA,160000,NA
"2024-11-23",208,NA,131,346,NA,NA,815,NA,3,NA,NA,NA,160000,NA
"2024-11-24",208,NA,131,346,NA,NA,815,NA,3,NA,NA,NA,160000,NA
"2024-11-25",208,NA,131,346,NA,NA,815,NA,3,NA,NA,NA,160000,NA
"2024-11-26",208,NA,131,346,NA,NA,815,NA,3,NA,NA,NA,160000,NA
"2024-11-27",208,NA,131,346,NA,NA,815,NA,3,NA,NA,NA,160000,NA
"2024-11-28",208,NA,131,346,NA,NA,815,NA,3,NA,NA,NA,160000,NA
"2024-11-29",211,211,132,348,132,348,819,NA,3,819,NA,3,160500,160500
"2024-11-30",211,NA,132,348,NA,NA,819,NA,3,NA,NA,NA,160500,NA
"2024-12-01",211,NA,132,348,NA,NA,819,NA,3,NA,NA,NA,160500,NA
"2024-12-02",211,NA,132,348,NA,NA,819,NA,3,NA,NA,NA,160500,NA
"2024-12-03",211,NA,132,348,NA,NA,819,NA,3,NA,NA,NA,160500,NA
"2024-12-04",211,NA,132,348,NA,NA,819,NA,3,NA,NA,NA,160500,NA
"2024-12-05",211,NA,132,348,NA,NA,819,NA,3,NA,NA,NA,160500,NA
"2024-12-06",211,NA,132,348,NA,NA,819,NA,3,NA,NA,NA,160500,NA
"2024-12-07",211,NA,132,348,NA,NA,819,NA,3,NA,NA,NA,160500,NA
"2024-12-08",211,NA,132,348,NA,NA,819,NA,3,NA,NA,NA,160500,NA
"2024-12-09",211,211,132,348,132,348,819,NA,3,819,NA,3,160500,160500
"2024-12-10",211,NA,132,351,NA,NA,821,NA,3,NA,NA,NA,160500,NA
"2024-12-11",211,NA,132,351,NA,NA,821,NA,3,NA,NA,NA,160500,NA
"2024-12-12",211,NA,132,351,NA,NA,821,NA,3,NA,NA,NA,160500,NA
"2024-12-13",211,NA,132,351,NA,NA,821,NA,3,NA,NA,NA,160500,NA
"2024-12-14",211,NA,132,351,NA,NA,821,NA,3,NA,NA,NA,160500,NA
"2024-12-15",211,NA,132,351,NA,NA,821,NA,3,NA,NA,NA,160500,NA
"2024-12-16",211,NA,132,351,NA,NA,821,NA,3,NA,NA,NA,160500,NA
"2024-12-17",211,NA,132,351,NA,NA,821,NA,3,NA,NA,NA,160500,NA
"2024-12-18",211,NA,132,351,NA,NA,821,NA,3,NA,NA,NA,160500,NA
"2024-12-19",213,213,133,351,133,351,821,NA,3,821,NA,3,161500,161500
"2024-12-20",213,NA,133,351,NA,NA,821,NA,3,NA,NA,NA,161500,NA
"2024-12-21",213,NA,133,351,NA,NA,821,NA,3,NA,NA,NA,161500,NA
"2024-12-22",213,NA,133,351,NA,NA,821,NA,3,NA,NA,NA,161500,NA
"2024-12-23",213,NA,133,351,NA,NA,821,NA,3,NA,NA,NA,161500,NA
"2024-12-24",213,NA,133,351,NA,NA,821,NA,3,NA,NA,NA,161500,NA
"2024-12-25",213,NA,133,351,NA,NA,821,NA,3,NA,NA,NA,161500,NA
"2024-12-26",213,NA,133,351,NA,NA,821,NA,3,NA,NA,NA,161500,NA
"2024-12-27",213,NA,133,351,NA,NA,821,NA,3,NA,NA,NA,161500,NA
"2024-12-28",213,NA,133,351,NA,NA,821,NA,3,NA,NA,NA,161500,NA
"2024-12-29",213,213,135,353,135,353,823,NA,3,823,NA,3,161600,161600
"2024-12-30",213,NA,135,353,NA,NA,823,NA,3,NA,NA,NA,161600,NA
"2024-12-31",213,NA,135,353,NA,NA,823,NA,3,NA,NA,NA,161600,NA
"2025-01-01",213,NA,135,353,NA,NA,823,NA,3,NA,NA,NA,161600,NA
"2025-01-02",213,NA,135,353,NA,NA,823,NA,3,NA,NA,NA,161600,NA
"2025-01-03",213,NA,135,353,NA,NA,823,NA,3,NA,NA,NA,161600,NA
"2025-01-04",213,NA,135,353,NA,NA,823,NA,3,NA,NA,NA,161600,NA
"2025-01-05",213,NA,135,353,NA,NA,823,NA,3,NA,NA,NA,161600,NA
"2025-01-06",213,NA,135,353,NA,NA,823,NA,3,NA,NA,NA,161600,NA
"2025-01-07",213,NA,135,353,NA,NA,823,NA,3,NA,NA,NA,161600,NA
"2025-01-08",214,214,136,355,136,355,823,NA,3,823,NA,3,161600,161600
"2025-01-09",214,NA,136,355,NA,NA,823,NA,3,NA,NA,NA,161600,NA
"2025-01-10",214,NA,136,355,NA,NA,823,NA,3,NA,NA,NA,161600,NA
"2025-01-11",214,NA,136,355,NA,NA,823,NA,3,NA,NA,NA,161600,NA
"2025-01-12",214,NA,136,355,NA,NA,823,NA,3,NA,NA,NA,161600,NA
"2025-01-13",214,NA,136,355,NA,NA,823,NA,3,NA,NA,NA,161600,NA
"2025-01-14",214,NA,136,355,NA,NA,823,NA,3,NA,NA,NA,161600,NA
"2025-01-15",214,NA,136,355,NA,NA,823,NA,3,NA,NA,NA,161600,NA
"2025-01-16",214,NA,136,355,NA,NA,823,NA,3,NA,NA,NA,161600,NA
"2025-01-17",214,NA,136,355,NA,NA,823,NA,3,NA,NA,NA,161600,NA
"2025-01-18",216,216,137,357,137,357,823,NA,3,823,NA,3,161600,161600
"2025-01-19",216,NA,137,357,NA,NA,823,NA,3,NA,NA,NA,161600,NA
"2025-01-20",216,NA,137,357,NA,NA,823,NA,3,NA,NA,NA,161600,NA
"2025-01-21",216,NA,137,357,NA,NA,823,NA,3,NA,NA,NA,161600,NA
"2025-01-22",216,NA,137,357,NA,NA,823,NA,3,NA,NA,NA,161600,NA
"2025-01-23",216,NA,137,357,NA,NA,823,NA,3,NA,NA,NA,161600,NA
"2025-01-24",216,NA,137,357,NA,NA,823,NA,3,NA,NA,NA,161600,NA
"2025-01-25",216,NA,137,357,NA,NA,823,NA,3,NA,NA,NA,161600,NA
"2025-01-26",216,NA,137,357,NA,NA,823,NA,3,NA,NA,NA,161600,NA
"2025-01-27",216,NA,137,357,NA,NA,823,NA,3,NA,NA,NA,161600,NA
"2025-01-28",216,NA,137,357,NA,NA,823,NA,3,NA,NA,NA,161600,NA
"2025-01-29",216,NA,137,357,NA,NA,823,NA,3,NA,NA,NA,161600,NA
"2025-01-30",216,NA,137,357,NA,NA,823,NA,3,NA,NA,NA,161600,NA
"2025-01-31",216,NA,137,357,NA,NA,823,NA,3,NA,NA,NA,161600,NA
"2025-02-01",216,NA,137,357,NA,NA,823,NA,3,NA,NA,NA,161600,NA
"2025-02-02",216,NA,137,357,NA,NA,823,NA,3,NA,NA,NA,161600,NA
"2025-02-03",216,NA,137,357,NA,NA,823,NA,3,NA,NA,NA,161600,NA
"2025-02-04",216,NA,137,357,NA,NA,823,NA,3,NA,NA,NA,161600,NA
"2025-02-05",216,NA,137,357,NA,NA,823,NA,3,NA,NA,NA,161600,NA
"2025-02-06",216,NA,137,357,NA,NA,823,NA,3,NA,NA,NA,161600,NA
"2025-02-07",216,NA,137,357,NA,NA,823,NA,3,NA,NA,NA,161600,NA
"2025-02-08",216,NA,137,357,NA,NA,823,NA,3,NA,NA,NA,161600,NA
"2025-02-09",216,NA,137,357,NA,NA,823,NA,3,NA,NA,NA,161600,NA
"2025-02-10",216,NA,137,357,NA,NA,823,NA,3,NA,NA,NA,161600,NA
"2025-02-11",216,NA,137,357,NA,NA,823,NA,3,NA,NA,NA,161600,NA
"2025-02-12",216,NA,137,357,NA,NA,823,NA,3,NA,NA,NA,161600,NA
"2025-02-13",216,NA,137,357,NA,NA,823,NA,3,NA,NA,NA,161600,NA
"2025-02-14",216,NA,137,357,NA,NA,823,NA,3,NA,NA,NA,161600,NA
"2025-02-15",216,NA,137,357,NA,NA,823,NA,3,NA,NA,NA,161600,NA
"2025-02-16",216,NA,137,357,NA,NA,823,NA,3,NA,NA,NA,161600,NA
"2025-02-17",216,NA,137,357,NA,NA,823,NA,3,NA,NA,NA,161600,NA
"2025-02-18",216,NA,137,357,NA,NA,823,NA,3,NA,NA,NA,161600,NA
"2025-02-19",216,NA,137,357,NA,NA,823,NA,3,NA,NA,NA,161600,NA
"2025-02-20",216,NA,137,357,NA,NA,823,NA,3,NA,NA,NA,161600,NA
"2025-02-21",216,NA,137,357,NA,NA,823,NA,3,NA,NA,NA,161600,NA
"2025-02-22",216,NA,137,357,NA,NA,823,NA,3,NA,NA,NA,161600,NA
"2025-02-23",216,NA,137,357,NA,NA,823,NA,3,NA,NA,NA,161600,NA
"2025-02-24",216,NA,137,357,NA,NA,823,NA,3,NA,NA,NA,161600,NA
"2025-02-25",216,NA,137,357,NA,NA,823,NA,3,NA,NA,NA,161600,NA
"2025-02-26",216,NA,137,357,NA,NA,823,NA,3,NA,NA,NA,161600,NA
"2025-02-27",216,NA,137,357,NA,NA,823,NA,3,NA,NA,NA,161600,NA
"2025-02-28",216,NA,137,357,NA,NA,823,NA,3,NA,NA,NA,161600,NA
"2025-03-01",216,NA,137,357,NA,NA,823,NA,3,NA,NA,NA,161600,NA
"2025-03-02",216,NA,137,357,NA,NA,823,NA,3,NA,NA,NA,161600,NA
"2025-03-03",216,NA,137,357,NA,NA,823,NA,3,NA,NA,NA,161600,NA
"2025-03-04",216,NA,137,357,NA,NA,823,NA,3,NA,NA,NA,161600,NA
"2025-03-05",216,NA,137,357,NA,NA,823,NA,3,NA,NA,NA,161600,NA
"2025-03-06",216,NA,137,357,NA,NA,823,NA,3,NA,NA,NA,161600,NA
"2025-03-07",216,NA,137,357,NA,NA,823,NA,3,NA,NA,NA,161600,NA
"2025-03-08",216,NA,137,357,NA,NA,823,NA,3,NA,NA,NA,161600,NA
"2025-03-09",216,NA,137,357,NA,NA,823,NA,3,NA,NA,NA,161600,NA
"2025-03-10",216,NA,137,357,NA,NA,823,NA,3,NA,NA,NA,161600,NA
"2025-03-11",216,NA,137,357,NA,NA,823,NA,3,NA,NA,NA,161600,NA
"2025-03-12",216,NA,137,357,NA,NA,823,NA,3,NA,NA,NA,161600,NA
"2025-03-13",216,NA,137,357,NA,NA,823,NA,3,NA,NA,NA,161600,NA
"2025-03-14",216,NA,137,357,NA,NA,823,NA,3,NA,NA,NA,161600,NA
"2025-03-15",216,NA,137,357,NA,NA,823,NA,3,NA,NA,NA,161600,NA
"2025-03-16",216,NA,137,357,NA,NA,823,NA,3,NA,NA,NA,161600,NA
"2025-03-17",216,NA,137,357,NA,NA,823,NA,3,NA,NA,NA,161600,NA
"2025-03-18",216,NA,137,357,NA,NA,823,NA,3,NA,NA,NA,161600,NA
"2025-03-19",216,NA,137,357,NA,NA,823,NA,3,NA,NA,NA,161600,NA
"2025-03-20",216,NA,137,357,NA,NA,823,NA,3,NA,NA,NA,161600,NA
"2025-03-21",216,NA,137,357,NA,NA,823,NA,3,NA,NA,NA,161600,NA
"2025-03-22",216,NA,137,357,NA,NA,823,NA,3,NA,NA,NA,161600,NA
"2025-03-23",221,221,139,359,139,359,825,NA,3,825,NA,3,165000,165000
"2025-03-24",221,NA,139,359,NA,NA,825,NA,3,NA,NA,NA,165000,NA
"2025-03-25",221,NA,139,359,NA,NA,825,NA,3,NA,NA,NA,165000,NA
"2025-03-26",221,NA,139,359,NA,NA,825,NA,3,NA,NA,NA,165000,NA
"2025-03-27",221,NA,139,359,NA,NA,825,NA,3,NA,NA,NA,165000,NA
"2025-03-28",221,NA,139,359,NA,NA,825,NA,3,NA,NA,NA,165000,NA
"2025-03-29",221,NA,139,359,NA,NA,825,NA,3,NA,NA,NA,165000,NA
"2025-03-30",221,NA,139,359,NA,NA,825,NA,3,NA,NA,NA,165000,NA
"2025-03-31",221,NA,139,359,NA,NA,825,NA,3,NA,NA,NA,165000,NA
"2025-04-01",221,NA,139,359,NA,NA,825,NA,3,NA,NA,NA,165000,NA
"2025-04-02",221,NA,139,359,NA,NA,825,NA,3,NA,NA,NA,165000,NA
"2025-04-03",221,NA,139,359,NA,NA,825,NA,3,NA,NA,NA,165000,NA
"2025-04-04",221,NA,139,359,NA,NA,825,NA,3,NA,NA,NA,165000,NA
"2025-04-05",221,NA,139,359,NA,NA,825,NA,3,NA,NA,NA,165000,NA
"2025-04-06",221,NA,139,359,NA,NA,825,NA,3,NA,NA,NA,165000,NA
"2025-04-07",221,NA,139,359,NA,NA,825,NA,3,NA,NA,NA,165000,NA
"2025-04-08",221,NA,139,359,NA,NA,825,NA,3,NA,NA,NA,165000,NA
"2025-04-09",221,NA,139,359,NA,NA,825,NA,3,NA,NA,NA,165000,NA
"2025-04-10",221,NA,139,359,NA,NA,825,NA,3,NA,NA,NA,165000,NA
"2025-04-11",221,NA,139,359,NA,NA,825,NA,3,NA,NA,NA,165000,NA
"2025-04-12",221,NA,139,359,NA,NA,825,NA,3,NA,NA,NA,165000,NA
"2025-04-13",221,NA,139,359,NA,NA,825,NA,3,NA,NA,NA,165000,NA
"2025-04-14",221,NA,139,359,NA,NA,825,NA,3,NA,NA,NA,165000,NA
"2025-04-15",221,NA,139,359,NA,NA,825,NA,3,NA,NA,NA,165000,NA
"2025-04-16",221,NA,139,359,NA,NA,825,NA,3,NA,NA,NA,165000,NA
"2025-04-17",221,NA,139,359,NA,NA,825,NA,3,NA,NA,NA,165000,NA
"2025-04-18",224,224,142,364,142,364,828,NA,3,828,NA,3,165000,165000
"2025-04-19",224,NA,142,364,NA,NA,828,NA,3,NA,NA,NA,210000,NA
"2025-04-20",224,NA,142,364,NA,NA,828,NA,3,NA,NA,NA,210000,NA
"2025-04-21",224,NA,142,364,NA,NA,828,NA,3,NA,NA,NA,210000,NA
"2025-04-22",224,NA,142,364,NA,NA,828,NA,3,NA,NA,NA,210000,NA
"2025-04-23",224,NA,142,364,NA,NA,828,NA,3,NA,NA,NA,210000,NA
"2025-04-24",224,NA,142,364,NA,NA,828,NA,3,NA,NA,NA,210000,NA
"2025-04-25",224,NA,142,364,NA,NA,828,NA,3,NA,NA,NA,210000,NA
"2025-04-26",224,NA,142,364,NA,NA,828,NA,3,NA,NA,NA,210000,NA
"2025-04-27",224,NA,142,364,NA,NA,828,NA,3,NA,NA,NA,210000,NA
"2025-04-28",224,NA,142,364,NA,NA,828,NA,3,NA,NA,NA,210000,NA
"2025-04-29",224,NA,142,364,NA,NA,828,NA,3,NA,NA,NA,210000,NA
"2025-04-30",224,NA,142,364,NA,NA,828,NA,3,NA,NA,NA,210000,NA
"2025-05-01",224,NA,142,364,NA,NA,828,NA,3,NA,NA,NA,210000,NA
"2025-05-02",224,NA,142,364,NA,NA,828,NA,3,NA,NA,NA,210000,NA
"2025-05-03",224,NA,142,364,NA,NA,828,NA,3,NA,NA,NA,210000,NA
"2025-05-04",224,NA,142,364,NA,NA,828,NA,3,NA,NA,NA,210000,NA
"2025-05-05",224,NA,142,364,NA,NA,828,NA,3,NA,NA,NA,210000,NA
"2025-05-06",224,NA,142,364,NA,NA,828,NA,3,NA,NA,NA,210000,NA
"2025-05-07",224,NA,142,364,NA,NA,828,NA,3,NA,NA,NA,210000,NA
"2025-05-08",225,225,143,366,143,366,828,NA,3,828,NA,3,210000,210000
